"PHL NO.";"DAYS_EMER";"Column1";"";"DAYS_TASS";"Column1";"";"DAYS_SILK";"Column1";"";"DAYS_HARV"
"2396";"5";"";"";"";"";"";"42";"";"";"88"
"2397";"5";"Mean";"6.0743099787686";"";"Mean";"49.106918238994";"42";"Mean";"51.046486486486";"88"
"3045";"5";"Standard Error";"0.03322969387559";"";"Standard Error";"0.35874676763732";"42";"Standard Error";"0.17216167083444";"88"
"9886";"5";"Median";"6";"";"Median";"49";"53";"Median";"51";"99"
"9905";"5";"Mode";"7";"";"Mode";"47";"43";"Mode";"51";"89"
"9908";"5";"Standard Deviation";"1.0198863793931";"";"Standard Deviation";"4.523624617842";"45";"Standard Deviation";"5.2360928025263";"89"
"9911";"5";"Sample Variance";"1.0401682268716";"";"Sample Variance";"20.463179683146";"48";"Sample Variance";"27.416667836668";"94"
"9913";"5";"Kurtosis";"3.8653313908202";"";"Kurtosis";"1.1167103272523";"45";"Kurtosis";"0.75651017822654";"91"
"9914";"5";"Skewness";"-0.78160415830393";"";"Skewness";"0.4328945457865";"51";"Skewness";"0.30572863838373";"97"
"9928";"5";"Range";"8";"";"Range";"28";"64";"Range";"36";"111"
"9929";"5";"Minimum";"1";"";"Minimum";"39";"59";"Minimum";"34";"105"
"9931";"5";"Maximum";"9";"";"Maximum";"67";"60";"Maximum";"70";"106"
"9940";"6";"Sum";"5722";"";"Sum";"7808";"59";"Sum";"47218";"107"
"9945";"5";"Count";"942";"";"Count";"159";"55";"Count";"925";"101"
"9953";"5";"";"";"";"";"";"66";"";"";"112"
"10023";"6";"";"";"";"";"";"56";"";"";"102"
"10087";"6";"";"";"";"";"";"70";"";"";"116"
"10088";"5";"";"";"";"";"";"63";"";"";"109"
"10161";"5";"";"";"";"";"";"48";"";"";"94"
"10168";"5";"";"";"";"";"";"48";"";"";"84"
"10177";"6";"";"";"";"";"";"57";"";"";"103"
"10178";"6";"";"";"";"";"";"";"";"";"106"
"10182";"6";"";"";"";"";"";"57";"";"";"103"
"10184";"6";"";"";"";"";"";"50";"";"";"96"
"10185";"5";"";"";"";"";"";"52";"";"";"99"
"10186";"5";"";"";"";"";"";"57";"";"";"103"
"10190";"5";"";"";"";"";"";"51";"";"";"97"
"10225";"6";"";"";"";"";"";"55";"";"";"101"
"10238";"5";"";"";"";"";"";"51";"";"";"97"
"10247";"5";"";"";"";"";"";"51";"";"";"97"
"10265";"6";"";"";"";"";"";"50";"";"";"96"
"10270";"6";"";"";"";"";"";"50";"";"";"96"
"10273";"5";"";"";"";"";"";"50";"";"";"96"
"10279";"7";"";"";"";"";"";"49";"";"";"95"
"10280";"5";"";"";"";"";"";"51";"";"";"97"
"10281";"5";"";"";"";"";"";"51";"";"";"97"
"10284";"6";"";"";"";"";"";"";"";"";""
"10296";"6";"";"";"";"";"";"";"";"";""
"10297";"6";"";"";"";"";"";"54";"";"";"100"
"10300";"6";"";"";"";"";"";"48";"";"";"94"
"10309";"6";"";"";"";"";"";"52";"";"";"98"
"10328";"5";"";"";"";"";"";"";"";"";""
"10382";"5";"";"";"";"";"";"49";"";"";"95"
"10395";"5";"";"";"";"";"";"53";"";"";"99"
"10402";"6";"";"";"";"";"";"";"";"";"100"
"10405";"5";"";"";"";"";"";"";"";"";""
"10408";"6";"";"";"";"";"";"54";"";"";"100"
"10409";"5";"";"";"";"";"";"57";"";"";"103"
"10414";"5";"";"";"";"";"";"55";"";"";"101"
"10417";"5";"";"";"";"";"";"50";"";"";"96"
"10437";"6";"";"";"";"";"";"50";"";"";"96"
"10438";"5";"";"";"";"";"";"49";"";"";"95"
"10442";"6";"";"";"";"";"";"54";"";"";"100"
"10443";"5";"";"";"";"";"";"55";"";"";"101"
"10445";"5";"";"";"";"";"";"49";"";"";"95"
"10448";"6";"";"";"";"";"";"54";"";"";"100"
"10461";"6";"";"";"";"";"";"50";"";"";"96"
"10467";"5";"";"";"";"";"";"50";"";"";"96"
"10468";"5";"";"";"";"";"";"50";"";"";"96"
"10469";"6";"";"";"";"";"";"49";"";"";"96"
"10471";"5";"";"";"";"";"";"50";"";"";"96"
"10492";"5";"";"";"";"";"";"50";"";"";"96"
"10493";"5";"";"";"";"";"";"58";"";"";"104"
"10496";"5";"";"";"";"";"";"44";"";"";"90"
"10497";"5";"";"";"";"";"";"44";"";"";"90"
"10498";"5";"";"";"";"";"";"44";"";"";"90"
"10499";"5";"";"";"";"";"";"44";"";"";"90"
"10500";"5";"";"";"";"";"";"43";"";"";"89"
"10502";"5";"";"";"";"";"";"43";"";"";"89"
"10503";"6";"";"";"";"";"";"47";"";"";"93"
"10504";"5";"";"";"";"";"";"44";"";"";"90"
"10506";"7";"";"";"";"";"";"47";"";"";"93"
"10507";"6";"";"";"";"";"";"55";"";"";"101"
"10510";"5";"";"";"";"";"";"50";"";"";"96"
"10511";"6";"";"";"";"";"";"43";"";"";""
"10512";"5";"";"";"";"";"";"44";"";"";"90"
"10515";"6";"";"";"";"";"";"";"";"";""
"10517";"5";"";"";"";"";"";"50";"";"";"96"
"10519";"6";"";"";"";"";"";"49";"";"";"95"
"10520";"7";"";"";"";"";"";"51";"";"";"97"
"10521";"7";"";"";"";"";"";"53";"";"";"99"
"10522";"5";"";"";"";"";"";"47";"";"";"93"
"10523";"5";"";"";"";"";"";"50";"";"";"96"
"10524";"5";"";"";"";"";"";"51";"";"";"97"
"10525";"5";"";"";"";"";"";"51";"";"";"97"
"10526";"5";"";"";"";"";"";"49";"";"";"95"
"10527";"5";"";"";"";"";"";"52";"";"";"98"
"10528";"5";"";"";"";"";"";"45";"";"";"91"
"10529";"5";"";"";"";"";"";"45";"";"";"91"
"10531";"5";"";"";"";"";"";"52";"";"";"98"
"10532";"5";"";"";"";"";"";"50";"";"";"96"
"10533";"5";"";"";"";"";"";"49";"";"";"95"
"10534";"5";"";"";"";"";"";"55";"";"";"96"
"10538";"5";"";"";"";"";"";"44";"";"";"90"
"10539";"6";"";"";"";"";"";"54";"";"";"100"
"10540";"6";"";"";"";"";"";"43";"";"";"89"
"10541";"6";"";"";"";"";"";"54";"";"";"97"
"10542";"6";"";"";"";"";"";"54";"";"";"100"
"10545";"6";"";"";"";"";"";"50";"";"";"96"
"10546";"6";"";"";"";"";"";"56";"";"";"102"
"10548";"6";"";"";"";"";"";"46";"";"";"92"
"10550";"6";"";"";"";"";"";"57";"";"";"97"
"10552";"6";"";"";"";"";"";"56";"";"";"102"
"10554";"6";"";"";"";"";"";"51";"";"";"97"
"10556";"6";"";"";"";"";"";"51";"";"";"97"
"10557";"6";"";"";"";"";"";"54";"";"";"100"
"10559";"6";"";"";"";"";"";"56";"";"";"102"
"10560";"6";"";"";"";"";"";"54";"";"";"100"
"10561";"6";"";"";"";"";"";"56";"";"";"102"
"10562";"6";"";"";"";"";"";"51";"";"";"97"
"10563";"6";"";"";"";"";"";"48";"";"";"108"
"10565";"6";"";"";"";"";"";"";"";"";""
"10567";"6";"";"";"";"";"";"56";"";"";"102"
"10568";"6";"";"";"";"";"";"59";"";"";"105"
"10569";"6";"";"";"";"";"";"59";"";"";"105"
"10570";"6";"";"";"";"";"";"62";"";"";"108"
"10573";"5";"";"";"";"";"";"63";"";"";"109"
"10574";"6";"";"";"";"";"";"54";"";"";"100"
"10575";"6";"";"";"";"";"";"56";"";"";"102"
"10577";"5";"";"";"";"";"";"56";"";"";"94"
"10579";"6";"";"";"";"";"";"48";"";"";""
"10581";"6";"";"";"";"";"";"56";"";"";"102"
"10582";"6";"";"";"";"";"";"51";"";"";"97"
"10583";"6";"";"";"";"";"";"52";"";"";"98"
"10584";"6";"";"";"";"";"";"63";"";"";"108"
"10585";"6";"";"";"";"";"";"47";"";"";"93"
"10586";"6";"";"";"";"";"";"50";"";"";"97"
"10587";"6";"";"";"";"";"";"46";"";"";"92"
"11313";"5";"";"";"";"";"";"44";"";"";"90"
"11317";"5";"";"";"";"";"";"44";"";"";"90"
"11318";"5";"";"";"";"";"";"48";"";"";"94"
"11325";"5";"";"";"";"";"";"53";"";"";"99"
"11335";"5";"";"";"";"";"";"52";"";"";"98"
"11359";"5";"";"";"";"";"";"48";"";"";"94"
"4807";"5";"";"";"";"";"";"44";"";"";"90"
"4166";"5";"";"";"";"";"";"44";"";"";"90"
"334";"5";"";"";"";"";"";"45";"";"";"91"
"488";"5";"";"";"";"";"";"46";"";"";"92"
"1189";"6";"";"";"";"";"";"49";"";"";"95"
"1190";"5";"";"";"";"";"";"48";"";"";"94"
"1192";"5";"";"";"";"";"";"48";"";"";"94"
"10925";"5";"";"";"";"";"";"47";"";"";"93"
"1213";"5";"";"";"";"";"";"53";"";"";"99"
"1214";"5";"";"";"";"";"";"49";"";"";"95"
"1215";"5";"";"";"";"";"";"49";"";"";"95"
"1221";"5";"";"";"";"";"";"52";"";"";"98"
"1232";"5";"";"";"";"";"";"53";"";"";"99"
"1234";"5";"";"";"";"";"";"53";"";"";"99"
"1246";"5";"";"";"";"";"";"52";"";"";""
"1250";"5";"";"";"";"";"";"52";"";"";"98"
"1257";"5";"";"";"";"";"";"48";"";"";"94"
"1771";"5";"";"";"";"";"";"52";"";"";"98"
"1959";"5";"";"";"";"";"";"48";"";"";"94"
"1960";"5";"";"";"";"";"";"51";"";"";"97"
"3808";"6";"";"";"";"";"";"49";"";"";"94"
"1961";"5";"";"";"";"";"";"46";"";"";"92"
"9890";"5";"";"";"";"";"";"51";"";"";"97"
"9895";"5";"";"";"";"";"";"46";"";"";"92"
"9907";"5";"";"";"";"";"";"70";"";"";"116"
"9909";"5";"";"";"";"";"";"51";"";"";"102"
"9924";"5";"";"";"";"";"";"58";"";"";"104"
"9946";"5";"";"";"";"";"";"53";"";"";"99"
"10191";"5";"";"";"";"";"";"59";"";"";"104"
"10470";"5";"";"";"";"";"";"50";"";"";""
"10535";"5";"";"";"";"";"";"43";"";"";""
"10543";"5";"";"";"";"";"";"55";"";"";""
"10544";"6";"";"";"";"";"";"54";"";"";""
"10553";"6";"";"";"";"";"";"47";"";"";""
"10576";"6";"";"";"";"";"";"56";"";"";""
"9958";"6";"";"";"";"";"";"67";"";"";""
"1679";"7";"";"";"";"";"";"44";"";"";"87"
"10512";"7";"";"";"";"";"";"45";"";"";"87"
"10513";"7";"";"";"";"";"";"41";"";"";"87"
"10518";"7";"";"";"";"";"";"39";"";"";"87"
"11360";"7";"";"";"";"";"";"44";"";"";"87"
"11361";"7";"";"";"";"";"";"48";"";"";"97"
"11362";"7";"";"";"";"";"";"48";"";"";"97"
"495";"7";"";"";"";"";"";"44";"";"";"87"
"496";"7";"";"";"";"";"";"44";"";"";"87"
"498";"7";"";"";"";"";"";"41";"";"";"87"
"499";"7";"";"";"";"";"";"45";"";"";"87"
"500";"7";"";"";"";"";"";"45";"";"";"87"
"501";"7";"";"";"";"";"";"41";"";"";"87"
"502";"7";"";"";"";"";"";"41";"";"";"87"
"503";"7";"";"";"";"";"";"52";"";"";"97"
"507";"7";"";"";"";"";"";"49";"";"";"87"
"508";"7";"";"";"";"";"";"56";"";"";"97"
"509";"7";"";"";"";"";"";"50";"";"";"87"
"510";"7";"";"";"";"";"";"44";"";"";"87"
"511";"7";"";"";"";"";"";"49";"";"";"87"
"512";"7";"";"";"";"";"";"44";"";"";"87"
"513";"7";"";"";"";"";"";"50";"";"";"87"
"514";"7";"";"";"";"";"";"50";"";"";"97"
"515";"7";"";"";"";"";"";"41";"";"";"97"
"517";"7";"";"";"";"";"";"44";"";"";"87"
"350-1";"7";"";"";"";"";"";"53";"";"";"97"
"350-3";"7";"";"";"";"";"";"49";"";"";"97"
"350-4";"7";"";"";"";"";"";"53";"";"";"97"
"6496";"7";"";"";"";"";"";"49";"";"";"97"
"342";"7";"";"";"";"";"";"55";"";"";"87"
"346";"7";"";"";"";"";"";"45";"";"";"87"
"347";"7";"";"";"";"";"";"49";"";"";""
"349-1";"7";"";"";"";"";"";"49";"";"";"87"
"349-2";"7";"";"";"";"";"";"56";"";"";"97"
"349-3";"7";"";"";"";"";"";"54";"";"";"99"
"350-3";"7";"";"";"";"";"";"54";"";"";"99"
"350-4";"7";"";"";"";"";"";"54";"";"";"99"
"351-4";"7";"";"";"";"";"";"49";"";"";"87"
"6503";"7";"";"";"";"";"";"49";"";"";"87"
"334";"7";"";"";"";"";"";"44";"";"";"87"
"335";"7";"";"";"";"";"";"49";"";"";"87"
"336";"7";"";"";"";"";"";"49";"";"";"87"
"337";"7";"";"";"";"";"";"44";"";"";"87"
"478";"7";"";"";"";"";"";"45";"";"";"87"
"479";"7";"";"";"";"";"";"49";"";"";"87"
"480";"7";"";"";"";"";"";"44";"";"";"87"
"481";"7";"";"";"";"";"";"44";"";"";"87"
"482";"7";"";"";"";"";"";"44";"";"";"87"
"483";"7";"";"";"";"";"";"45";"";"";"87"
"484";"7";"";"";"";"";"";"44";"";"";"87"
"485";"7";"";"";"";"";"";"41";"";"";"87"
"486";"7";"";"";"";"";"";"44";"";"";"87"
"487";"7";"";"";"";"";"";"50";"";"";"87"
"488";"7";"";"";"";"";"";"50";"";"";"87"
"489";"7";"";"";"";"";"";"50";"";"";"87"
"490";"7";"";"";"";"";"";"50";"";"";"87"
"491";"7";"";"";"";"";"";"50";"";"";"87"
"492";"7";"";"";"";"";"";"50";"";"";"87"
"493";"7";"";"";"";"";"";"50";"";"";"87"
"494";"7";"";"";"";"";"";"50";"";"";"87"
"1182";"7";"";"";"";"";"";"54";"";"";"99"
"1183";"7";"";"";"";"";"";"54";"";"";"99"
"1184";"7";"";"";"";"";"";"50";"";"";"99"
"1185";"7";"";"";"";"";"";"48";"";"";"87"
"1186";"7";"";"";"";"";"";"50";"";"";"99"
"1187";"7";"";"";"";"";"";"52";"";"";"99"
"1188";"7";"";"";"";"";"";"54";"";"";"99"
"1189";"7";"";"";"";"";"";"49";"";"";"87"
"1190";"7";"";"";"";"";"";"49";"";"";"87"
"1191";"7";"";"";"";"";"";"55";"";"";"99"
"1192";"7";"";"";"";"";"";"45";"";"";"87"
"1193";"7";"";"";"";"";"";"54";"";"";"87"
"1194";"7";"";"";"";"";"";"55";"";"";"99"
"1195";"7";"";"";"";"";"";"52";"";"";"99"
"1196";"7";"";"";"";"";"";"52";"";"";"99"
"1197";"7";"";"";"";"";"";"55";"";"";"99"
"1198";"7";"";"";"";"";"";"53";"";"";"87"
"1199";"7";"";"";"";"";"";"49";"";"";"87"
"1200";"7";"";"";"";"";"";"50";"";"";"99"
"1201";"7";"";"";"";"";"";"57";"";"";"99"
"1202";"7";"";"";"";"";"";"55";"";"";"97"
"1203";"7";"";"";"";"";"";"55";"";"";"97"
"1204";"7";"";"";"";"";"";"55";"";"";"97"
"1205";"7";"";"";"";"";"";"55";"";"";"97"
"1206";"7";"";"";"";"";"";"55";"";"";"97"
"1207";"7";"";"";"";"";"";"55";"";"";"97"
"1208";"7";"";"";"";"";"";"55";"";"";""
"1209";"7";"";"";"";"";"";"55";"";"";"97"
"1210";"7";"";"";"";"";"";"55";"";"";"97"
"1211";"7";"";"";"";"";"";"55";"";"";"97"
"1212";"7";"";"";"";"";"";"55";"";"";"97"
"1213";"7";"";"";"";"";"";"54";"";"";"87"
"1214";"7";"";"";"";"";"";"46";"";"";"87"
"1215";"7";"";"";"";"";"";"55";"";"";"97"
"1216";"7";"";"";"";"";"";"55";"";"";"97"
"1217";"7";"";"";"";"";"";"46";"";"";"87"
"1218";"7";"";"";"";"";"";"55";"";"";"97"
"1219";"7";"";"";"";"";"";"55";"";"";"97"
"1220";"7";"";"";"";"";"";"54";"";"";"97"
"1221";"7";"";"";"";"";"";"55";"";"";"97"
"1222";"7";"";"";"";"";"";"55";"";"";"97"
"1223";"7";"";"";"";"";"";"45";"";"";"97"
"1224";"7";"";"";"";"";"";"55";"";"";"97"
"1225";"7";"";"";"";"";"";"55";"";"";"97"
"1226";"7";"";"";"";"";"";"55";"";"";"97"
"1227";"7";"";"";"";"";"";"45";"";"";"97"
"1228";"7";"";"";"";"";"";"54";"";"";"97"
"1229";"7";"";"";"";"";"";"55";"";"";"97"
"1230";"7";"";"";"";"";"";"55";"";"";"97"
"1231";"7";"";"";"";"";"";"55";"";"";"97"
"1232";"7";"";"";"";"";"";"55";"";"";"97"
"1233";"7";"";"";"";"";"";"54";"";"";"97"
"1234";"7";"";"";"";"";"";"53";"";"";"87"
"1235";"7";"";"";"";"";"";"46";"";"";"87"
"1236";"7";"";"";"";"";"";"43";"";"";"97"
"1237";"7";"";"";"";"";"";"53";"";"";"97"
"1238";"7";"";"";"";"";"";"53";"";"";"97"
"1239";"7";"";"";"";"";"";"53";"";"";"97"
"1240";"7";"";"";"";"";"";"53";"";"";"87"
"1241";"7";"";"";"";"";"";"52";"";"";"97"
"1242";"7";"";"";"";"";"";"52";"";"";"97"
"1243";"7";"";"";"";"";"";"52";"";"";"97"
"1244";"7";"";"";"";"";"";"53";"";"";"97"
"1245";"7";"";"";"";"";"";"53";"";"";"97"
"1246";"7";"";"";"";"";"";"53";"";"";"87"
"1247";"7";"";"";"";"";"";"53";"";"";"87"
"1248";"7";"";"";"";"";"";"53";"";"";"97"
"1249";"7";"";"";"";"";"";"53";"";"";"97"
"1250";"7";"";"";"";"";"";"53";"";"";"97"
"1251";"7";"";"";"";"";"";"45";"";"";"87"
"1252";"7";"";"";"";"";"";"46";"";"";"87"
"1253";"7";"";"";"";"";"";"52";"";"";"87"
"1254";"7";"";"";"";"";"";"52";"";"";"97"
"1255";"7";"";"";"";"";"";"52";"";"";"97"
"1256";"7";"";"";"";"";"";"39";"";"";"86"
"1257";"7";"";"";"";"";"";"44";"";"";"86"
"1258";"7";"";"";"";"";"";"44";"";"";"87"
"1259";"7";"";"";"";"";"";"53";"";"";"97"
"1260";"7";"";"";"";"";"";"53";"";"";"97"
"1261";"7";"";"";"";"";"";"53";"";"";"97"
"1262";"7";"";"";"";"";"";"45";"";"";"87"
"1263";"7";"";"";"";"";"";"53";"";"";"97"
"1264";"7";"";"";"";"";"";"57";"";"";"97"
"1265";"7";"";"";"";"";"";"53";"";"";"97"
"1266";"7";"";"";"";"";"";"56";"";"";"97"
"1267";"7";"";"";"";"";"";"53";"";"";"87"
"1268";"7";"";"";"";"";"";"53";"";"";"97"
"1269";"7";"";"";"";"";"";"53";"";"";"87"
"1304";"7";"";"";"";"";"";"52";"";"";"86"
"1305";"7";"";"";"";"";"";"52";"";"";"97"
"1306";"7";"";"";"";"";"";"56";"";"";"97"
"1361";"7";"";"";"";"";"";"52";"";"";"86"
"1630";"7";"";"";"";"";"";"36";"";"";"86"
"1631";"7";"";"";"";"";"";"45";"";"";"86"
"1771";"7";"";"";"";"";"";"52";"";"";"86"
"10423";"7";"";"";"";"";"";"45";"";"";"86"
"10425";"7";"";"";"";"";"";"45";"";"";"86"
"10426";"7";"";"";"";"";"";"45";"";"";"86"
"10427";"7";"";"";"";"";"";"45";"";"";"86"
"10428";"7";"";"";"";"";"";"45";"";"";"86"
"10429";"7";"";"";"";"";"";"45";"";"";"86"
"10430";"7";"";"";"";"";"";"45";"";"";"86"
"10432";"7";"";"";"";"";"";"45";"";"";"86"
"10433";"7";"";"";"";"";"";"48";"";"";"86"
"10435";"7";"";"";"";"";"";"45";"";"";"86"
"10436";"7";"";"";"";"";"";"45";"";"";"86"
"10437";"7";"";"";"";"";"";"";"";"";""
"10438";"7";"";"";"";"";"";"45";"";"";"86"
"10439";"7";"";"";"";"";"";"";"";"";""
"10440";"7";"";"";"";"";"";"52";"";"";"86"
"10441";"7";"";"";"";"";"";"52";"";"";"86"
"10442";"7";"";"";"";"";"";"52";"";"";"86"
"10443";"7";"";"";"";"";"";"";"";"";""
"10444";"7";"";"";"";"";"";"52";"";"";"86"
"10445";"7";"";"";"";"";"";"52";"";"";"86"
"10446";"7";"";"";"";"";"";"";"";"";""
"10447";"";"";"";"";"";"";"";"";"";""
"10448";"";"";"";"";"";"";"";"";"";""
"10449";"7";"";"";"";"";"";"52";"";"";"86"
"10450";"7";"";"";"";"";"";"52";"";"";"86"
"10451";"7";"";"";"";"";"";"52";"";"";"86"
"10452";"7";"";"";"";"";"";"52";"";"";"86"
"10453";"7";"";"";"";"";"";"51";"";"";"86"
"10454";"7";"";"";"";"";"";"47";"";"";"86"
"10455";"7";"";"";"";"";"";"51";"";"";"86"
"10457";"";"";"";"";"";"";"";"";"";""
"10461";"";"";"";"";"";"";"";"";"";""
"10462";"7";"";"";"";"";"";"51";"";"";"86"
"10463";"7";"";"";"";"";"";"51";"";"";"86"
"10464";"7";"";"";"";"";"";"51";"";"";"86"
"10465";"7";"";"";"";"";"";"43";"";"";"86"
"10466";"7";"";"";"";"";"";"51";"";"";"86"
"10467";"7";"";"";"";"";"";"51";"";"";"86"
"10468";"7";"";"";"";"";"";"51";"";"";"86"
"10469";"7";"";"";"";"";"";"51";"";"";"86"
"10470";"7";"";"";"";"";"";"51";"";"";"86"
"10471";"7";"";"";"";"";"";"43";"";"";"86"
"10472";"7";"";"";"";"";"";"45";"";"";"86"
"10473";"7";"";"";"";"";"";"51";"";"";""
"10474";"7";"";"";"";"";"";"51";"";"";"86"
"10475";"7";"";"";"";"";"";"48";"";"";"86"
"10476";"7";"";"";"";"";"";"51";"";"";"86"
"10477";"7";"";"";"";"";"";"51";"";"";"86"
"10478";"7";"";"";"";"";"";"43";"";"";"86"
"10479";"7";"";"";"";"";"";"51";"";"";"86"
"10480";"7";"";"";"";"";"";"44";"";"";"86"
"10481";"7";"";"";"";"";"";"51";"";"";"86"
"10482";"7";"";"";"";"";"";"51";"";"";"86"
"10483";"7";"";"";"";"";"";"51";"";"";"86"
"10484";"7";"";"";"";"";"";"51";"";"";"86"
"10488";"7";"";"";"";"";"";"56";"";"";"86"
"10489";"7";"";"";"";"";"";"51";"";"";"86"
"10490";"7";"";"";"";"";"";"51";"";"";"86"
"10491";"7";"";"";"";"";"";"44";"";"";"86"
"10492";"7";"";"";"";"";"";"51";"";"";"86"
"10493";"7";"";"";"";"";"";"51";"";"";"86"
"10494";"7";"";"";"";"";"";"";"";"";""
"10495";"7";"";"";"";"";"";"";"";"";"86"
"10496";"7";"";"";"";"";"";"43";"";"";""
"10497";"7";"";"";"";"";"";"45";"";"";"86"
"10498";"7";"";"";"";"";"";"43";"";"";"86"
"10499";"7";"";"";"";"";"";"43";"";"";"86"
"10500";"7";"";"";"";"";"";"43";"";"";"86"
"10502";"7";"";"";"";"";"";"43";"";"";"86"
"10503";"7";"";"";"";"";"";"39";"";"";"86"
"10504";"7";"";"";"";"";"";"39";"";"";"86"
"10505";"7";"";"";"";"";"";"51";"";"";"86"
"10506";"7";"";"";"";"";"";"43";"";"";"86"
"10507";"7";"";"";"";"";"";"52";"";"";"86"
"10508";"7";"";"";"";"";"";"43";"";"";"86"
"10509";"7";"";"";"";"";"";"43";"";"";"86"
"10510";"7";"";"";"";"";"";"43";"";"";"86"
"10511";"7";"";"";"";"";"";"43";"";"";"86"
"10514";"7";"";"";"";"";"";"45";"";"";"86"
"10515";"";"";"";"";"";"";"";"";"";""
"10516";"7";"";"";"";"";"";"48";"";"";"86"
"10517";"7";"";"";"";"";"";"45";"";"";"86"
"10519";"7";"";"";"";"";"";"45";"";"";"86"
"10520";"7";"";"";"";"";"";"45";"";"";"86"
"10521";"7";"";"";"";"";"";"43";"";"";"86"
"10522";"7";"";"";"";"";"";"43";"";"";"86"
"10523";"7";"";"";"";"";"";"43";"";"";"86"
"10524";"7";"";"";"";"";"";"43";"";"";"86"
"10525";"7";"";"";"";"";"";"48";"";"";"86"
"10526";"7";"";"";"";"";"";"48";"";"";"86"
"10527";"7";"";"";"";"";"";"52";"";"";"86"
"10528";"7";"";"";"";"";"";"43";"";"";"86"
"10529";"7";"";"";"";"";"";"43";"";"";"86"
"10530";"7";"";"";"";"";"";"45";"";"";"86"
"10531";"7";"";"";"";"";"";"48";"";"";"86"
"10532";"7";"";"";"";"";"";"48";"";"";"86"
"10533";"7";"";"";"";"";"";"43";"";"";"86"
"10534";"7";"";"";"";"";"";"51";"";"";"86"
"10535";"7";"";"";"";"";"";"43";"";"";"86"
"10536";"7";"";"";"";"";"";"51";"";"";"86"
"10537";"7";"";"";"";"";"";"51";"";"";"86"
"";"7";"";"";"";"";"";"";"";"";""
"10538";"7";"";"";"";"";"";"43";"";"";"86"
"11357";"7";"";"";"";"";"";"54";"";"";"97"
"10732";"";"";"";"";"";"";"";"";"";""
"1954";"7";"";"";"";"";"";"45";"";"";"97"
"1955";"7";"";"";"";"";"";"51";"";"";"86"
"1956";"7";"";"";"";"";"";"51";"";"";"86"
"1957";"7";"";"";"";"";"";"51";"";"";"86"
"1958";"7";"";"";"";"";"";"51";"";"";"86"
"1959";"7";"";"";"";"";"";"45";"";"";"86"
"1960";"7";"";"";"";"";"";"51";"";"";"86"
"1961";"7";"";"";"";"";"";"47";"";"";"86"
"11359";"6";"";"";"";"";"";"46";"";"";"88"
"11360";"6";"";"";"";"";"";"49";"";"";"88"
"11361";"6";"";"";"";"";"";"54";"";"";"88"
"498";"6";"";"";"";"";"";"54";"";"";""
"9940";"6";"";"";"";"";"";"58";"";"";""
"9958";"6";"";"";"";"";"";"64";"";"";"96"
"10088";"6";"";"";"";"";"";"60";"";"";"96"
"10191";"7";"";"";"";"";"";"59";"";"";"87"
"";"7";"";"";"";"";"";"53";"";"";"87"
"";"6";"";"";"";"";"";"50";"";"";"88"
"336";"7";"";"";"";"";"";"49";"";"";"87"
"478";"6";"";"";"";"";"";"47";"";"";"88"
"479";"6";"";"";"";"";"";"47";"";"";"88"
"480";"6";"";"";"";"";"";"47";"";"";"88"
"481";"6";"";"";"";"";"";"47";"";"";"88"
"482";"6";"";"";"";"";"";"47";"";"";"88"
"483";"6";"";"";"";"";"";"47";"";"";"88"
"484";"6";"";"";"";"";"";"47";"";"";"88"
"485";"6";"";"";"";"";"";"47";"";"";"88"
"486";"6";"";"";"";"";"";"47";"";"";"88"
"487";"4";"";"";"";"";"";"47";"";"";"88"
"337";"7";"";"";"";"";"";"46";"";"";"87"
"488";"6";"";"";"";"";"";"47";"";"";"88"
"489";"6";"";"";"";"";"";"48";"";"";"88"
"490";"6";"";"";"";"";"";"47";"";"";"88"
"491";"6";"";"";"";"";"";"48";"";"";"88"
"492";"6";"";"";"";"";"";"50";"";"";"88"
"493";"6";"";"";"";"";"";"47";"";"";"88"
"494";"6";"";"";"";"";"";"47";"";"";"88"
"495";"6";"";"";"";"";"";"47";"";"";"88"
"496";"6";"";"";"";"";"";"47";"";"";"88"
"497";"6";"";"";"";"";"";"47";"";"";"88"
"498";"6";"";"";"";"";"";"47";"";"";"88"
"499";"6";"";"";"";"";"";"47";"";"";"88"
"500";"6";"";"";"";"";"";"47";"";"";"88"
"501";"6";"";"";"";"";"";"47";"";"";"88"
"502";"6";"";"";"";"";"";"47";"";"";"88"
"503";"6";"";"";"";"";"";"55";"";"";"88"
"504";"6";"";"";"";"";"";"55";"";"";"88"
"505";"6";"";"";"";"";"";"48";"";"";"88"
"506";"6";"";"";"";"";"";"51";"";"";"88"
"507";"6";"";"";"";"";"";"51";"";"";"88"
"508";"6";"";"";"";"";"";"56";"";"";"88"
"509";"6";"";"";"";"";"";"48";"";"";"88"
"510";"6";"";"";"";"";"";"48";"";"";"88"
"511";"6";"";"";"";"";"";"48";"";"";"88"
"512";"6";"";"";"";"";"";"48";"";"";"88"
"513";"6";"";"";"";"";"";"48";"";"";"88"
"514";"6";"";"";"";"";"";"47";"";"";"88"
"515";"6";"";"";"";"";"";"48";"";"";"88"
"516";"6";"";"";"";"";"";"47";"";"";"88"
"517";"6";"";"";"";"";"";"48";"";"";"88"
"11347";"6";"";"";"";"";"";"39";"";"";"88"
"11313";"6";"";"";"";"";"";"47";"";"";"88"
"";"6";"";"";"";"";"";"48";"";"";"88"
"9805";"7";"";"";"";"";"";"53";"";"";"87"
"9855";"6";"";"";"";"";"";"47";"";"";"88"
"9924";"6";"";"";"";"";"";"55";"";"";"88"
"10012";"6";"";"";"";"";"";"55";"";"";"88"
"10053";"6";"";"";"";"";"";"59";"";"";"96"
"10122";"6";"";"";"";"";"";"56";"";"";"96"
"10174";"6";"";"";"";"";"";"56";"";"";"88"
"10270";"1";"";"";"";"";"";"55";"";"";"92"
"10319";"6";"";"";"";"";"";"47";"";"";"88"
"10392";"9";"";"";"";"";"";"";"";"";"85"
"10424";"6";"";"";"";"";"";"47";"";"";"88"
"10431";"6";"";"";"";"";"";"47";"";"";"88"
"10434";"7";"";"";"";"";"";"48";"";"";"87"
"10456";"7";"";"";"";"";"";"53";"";"";"87"
"10458";"7";"";"";"";"";"";"53";"";"";"87"
"10459";"7";"";"";"";"";"";"48";"";"";"87"
"10460";"6";"";"";"";"";"";"50";"";"";"87"
"10485";"6";"";"";"";"";"";"50";"";"";"87"
"10486";"6";"";"";"";"";"";"51";"";"";"88"
"10487";"6";"";"";"";"";"";"51";"";"";"88"
"10501";"6";"";"";"";"";"";"44";"";"";"88"
"350-1";"6";"";"";"";"";"";"56";"";"";"88"
"350-2";"6";"";"";"";"";"";"56";"";"";"88"
"350-3";"6";"";"";"";"";"";"56";"";"";"88"
"350-4";"6";"";"";"";"";"";"56";"";"";"88"
"6495";"6";"";"";"";"";"";"51";"";"";"88"
"6496";"6";"";"";"";"";"";"56";"";"";"88"
"9805";"7";"";"";"";"";"";"53";"";"";"87"
"6497";"6";"";"";"";"";"";"56";"";"";"86"
"10740";"6";"";"";"";"";"";"54";"";"";"88"
"10780";"7";"";"";"";"";"";"51";"";"";"87"
"10868";"9";"";"";"";"";"";"57";"";"";"85"
"10880";"9";"";"";"";"";"";"53";"";"";"85"
"335";"6";"";"";"";"";"";"51";"";"";"88"
"338";"6";"";"";"";"";"";"56";"";"";"96"
"339";"6";"";"";"";"";"";"51";"";"";"88"
"340";"6";"";"";"";"";"";"51";"";"";"88"
"341";"6";"";"";"";"";"";"56";"";"";"88"
"342";"9";"";"";"";"";"";"46";"";"";"85"
"343";"6";"";"";"";"";"";"55";"";"";"89"
"344";"6";"";"";"";"";"";"55";"";"";"89"
"345";"6";"";"";"";"";"";"39";"";"";"89"
"346";"6";"";"";"";"";"";"50";"";"";"89"
"347";"6";"";"";"";"";"";"52";"";"";"89"
"348";"6";"";"";"";"";"";"55";"";"";"89"
"349-1";"6";"";"";"";"";"";"50";"";"";"89"
"349-2";"6";"";"";"";"";"";"60";"";"";"96"
"349-3";"6";"";"";"";"";"";"60";"";"";"96"
"349-4";"6";"";"";"";"";"";"55";"";"";"96"
"352";"6";"";"";"";"";"";"39";"";"";"89"
"350-1";"7";"";"";"";"";"";"59";"";"";"95"
"350-2";"6";"";"";"";"";"";"60";"";"";"96"
"350-3";"7";"";"";"";"";"";"54";"";"";"95"
"350-4";"6";"";"";"";"";"";"60";"";"";"96"
"351-1";"6";"";"";"";"";"";"51";"";"";"89"
"351-2";"6";"";"";"";"";"";"55";"";"";"89"
"351-3";"6";"";"";"";"";"";"55";"";"";"89"
"351-4";"6";"";"";"";"";"";"55";"";"";"89"
"11363";"6";"";"";"";"";"";"55";"";"";"89"
"11358";"6";"";"";"";"";"";"55";"";"";"89"
"11357";"6";"";"";"";"";"";"55";"";"";"88"
"11355";"6";"";"";"";"";"";"50";"";"";"89"
"11348";"6";"";"";"";"";"";"55";"";"";"89"
"11339";"6";"";"";"";"";"";"39";"";"";"89"
"11338";"6";"";"";"";"";"";"55";"";"";"89"
"11337";"6";"";"";"";"";"";"44";"";"";"89"
"11335";"6";"";"";"";"";"";"54";"";"";"89"
"11334";"6";"";"";"";"";"";"55";"";"";"89"
"11314";"6";"";"";"";"";"";"50";"";"";"89"
"11316";"6";"";"";"";"";"";"46";"";"";"89"
"11317";"9";"";"";"";"";"";"43";"";"";"86"
"11318";"9";"";"";"";"";"";"51";"";"";"86"
"11319";"9";"";"";"";"";"";"43";"";"";"86"
"11320";"9";"";"";"";"";"";"36";"";"";"86"
"11321";"9";"";"";"";"";"";"43";"";"";"86"
"11322";"9";"";"";"";"";"";"51";"";"";"86"
"11323";"6";"";"";"";"";"";"46";"";"";"89"
"11324";"6";"";"";"";"";"";"50";"";"";"89"
"11325";"6";"";"";"";"";"";"54";"";"";"89"
"11326";"6";"";"";"";"";"";"54";"";"";"89"
"11327";"7";"";"";"";"";"";"50";"";"";"88"
"11331";"6";"";"";"";"";"";"55";"";"";"89"
"9729";"7";"";"";"";"";"";"50";"";"";"88"
"9809";"6";"";"";"";"";"";"51";"";"";"89"
"9815";"6";"";"";"";"";"";"55";"";"";"89"
"9816";"7";"";"";"";"";"";"50";"";"";"88"
"9824";"6";"";"";"";"";"";"50";"";"";"89"
"9831";"6";"";"";"";"";"";"54";"";"";"89"
"9833";"6";"";"";"";"";"";"57";"";"";"89"
"9839";"6";"";"";"";"";"";"55";"";"";"89"
"9841";"7";"";"";"";"";"";"50";"";"";"88"
"9849";"6";"";"";"";"";"";"54";"";"";"89"
"9918";"6";"";"";"";"";"";"51";"";"";"88"
"9919";"6";"";"";"";"";"";"51";"";"";"88"
"9921";"6";"";"";"";"";"";"59";"";"";"96"
"9928";"7";"";"";"";"";"";"63";"";"";"95"
"9932";"6";"";"";"";"";"";"60";"";"";"96"
"9941";"7";"";"";"";"";"";"58";"";"";"95"
"9953";"6";"";"";"";"";"";"64";"";"";"96"
"9959";"6";"";"";"";"";"";"60";"";"";"96"
"10062";"9";"";"";"";"";"";"48";"";"";"85"
"10087";"7";"";"";"";"";"";"63";"";"";"95"
"10091";"6";"";"";"";"";"";"60";"";"";"96"
"10105";"9";"";"";"";"";"";"55";"";"";"85"
"10134";"6";"";"";"";"";"";"51";"";"";"88"
"10143";"6";"";"";"";"";"";"55";"";"";"88"
"10168";"6";"";"";"";"";"";"54";"";"";"88"
"10195";"6";"";"";"";"";"";"51";"";"";"88"
"10197";"6";"";"";"";"";"";"54";"";"";"88"
"10198";"6";"";"";"";"";"";"56";"";"";"96"
"10204";"6";"";"";"";"";"";"59";"";"";"96"
"10218";"6";"";"";"";"";"";"54";"";"";"88"
"10225";"7";"";"";"";"";"";"53";"";"";"87"
"10238";"1";"";"";"";"";"";"50";"";"";"84"
"10269";"7";"";"";"";"";"";"48";"";"";"87"
"10273";"1";"";"";"";"";"";"50";"";"";"84"
"10276";"6";"";"";"";"";"";"34";"";"";"88"
"10307";"6";"";"";"";"";"";"44";"";"";"88"
"10315";"7";"";"";"";"";"";"50";"";"";"87"
"10334";"6";"";"";"";"";"";"42";"";"";"88"
"10335";"6";"";"";"";"";"";"56";"";"";"88"
"10353";"6";"";"";"";"";"";"51";"";"";"88"
"10355";"6";"";"";"";"";"";"51";"";"";"88"
"10356";"6";"";"";"";"";"";"54";"";"";"88"
"10357";"6";"";"";"";"";"";"46";"";"";"88"
"10358";"6";"";"";"";"";"";"46";"";"";"88"
"10364";"6";"";"";"";"";"";"49";"";"";"88"
"10375";"6";"";"";"";"";"";"44";"";"";"88"
"10385";"6";"";"";"";"";"";"54";"";"";"88"
"10389";"6";"";"";"";"";"";"54";"";"";"88"
"10394";"6";"";"";"";"";"";"54";"";"";"88"
"10403";"7";"";"";"";"";"";"54";"";"";"87"
"10415";"1";"";"";"";"";"";"50";"";"";"84"
"10417";"1";"";"";"";"";"";"45";"";"";"84"
"10418";"1";"";"";"";"";"";"45";"";"";"84"
"10419";"1";"";"";"";"";"";"51";"";"";"84"
"10420";"1";"";"";"";"";"";"54";"";"";"84"
"10421";"7";"";"";"";"";"";"43";"";"";"87"
"11334";"";"";"";"";"";"";"";"";"";""
"11341";"";"";"";"";"";"";"";"";"";""
"11342";"";"";"";"";"";"";"";"";"";""
"11345";"";"";"";"";"";"";"";"";"";""
"9775";"";"";"";"";"";"";"";"";"";""
"11349";"";"";"";"";"";"";"";"";"";""
"11354";"";"";"";"";"";"";"";"";"";""
"9847";"";"";"";"";"";"";"";"";"";""
"11357";"";"";"";"";"";"";"";"";"";""
"11358";"";"";"";"";"";"";"";"";"";""
"9900";"";"";"";"";"";"";"";"";"";""
"9902";"";"";"";"";"";"";"";"";"";""
"9903";"";"";"";"";"";"";"";"";"";""
"9904";"";"";"";"";"";"";"";"";"";""
"9905";"";"";"";"";"";"";"";"";"";""
"9916";"";"";"";"";"";"";"";"";"";""
"9917";"";"";"";"";"";"";"";"";"";""
"9920";"";"";"";"";"";"";"";"";"";""
"9922";"";"";"";"";"";"";"";"";"";""
"9923";"";"";"";"";"";"";"";"";"";""
"9927";"";"";"";"";"";"";"";"";"";""
"9943";"";"";"";"";"";"";"";"";"";""
"9953";"";"";"";"";"";"";"";"";"";""
"10013";"";"";"";"";"";"";"";"";"";""
"10014";"";"";"";"";"";"";"";"";"";""
"10015";"";"";"";"";"";"";"";"";"";""
"10018";"";"";"";"";"";"";"";"";"";""
"10045";"";"";"";"";"";"";"";"";"";""
"10049";"";"";"";"";"";"";"";"";"";""
"10050";"";"";"";"";"";"";"";"";"";""
"10051";"";"";"";"";"";"";"";"";"";""
"10118";"";"";"";"";"";"";"";"";"";""
"9730";"";"";"";"";"";"";"";"";"";""
"9731";"";"";"";"";"";"";"";"";"";""
"10136";"";"";"";"";"";"";"";"";"";""
"10138";"";"";"";"";"";"";"";"";"";""
"10139";"";"";"";"";"";"";"";"";"";""
"10145";"";"";"";"";"";"";"";"";"";""
"9732";"";"";"";"";"";"";"";"";"";""
"9739";"";"";"";"";"";"";"";"";"";""
"9754";"";"";"";"";"";"";"";"";"";""
"9756";"";"";"";"";"";"";"";"";"";""
"10221";"";"";"";"";"";"";"";"";"";""
"10232";"";"";"";"";"";"";"";"";"";""
"10233";"";"";"";"";"";"";"";"";"";""
"10234";"";"";"";"";"";"";"";"";"";""
"10235";"";"";"";"";"";"";"";"";"";""
"10236";"";"";"";"";"";"";"";"";"";""
"10237";"";"";"";"";"";"";"";"";"";""
"9893";"";"";"";"";"";"";"";"";"";""
"10239";"";"";"";"";"";"";"";"";"";""
"10240";"";"";"";"";"";"";"";"";"";""
"10241";"";"";"";"";"";"";"";"";"";""
"10244";"";"";"";"";"";"";"";"";"";""
"10245";"";"";"";"";"";"";"";"";"";""
"10246";"";"";"";"";"";"";"";"";"";""
"10248";"";"";"";"";"";"";"";"";"";""
"10249";"";"";"";"";"";"";"";"";"";""
"10250";"";"";"";"";"";"";"";"";"";""
"10251";"";"";"";"";"";"";"";"";"";""
"10253";"";"";"";"";"";"";"";"";"";""
"10254";"";"";"";"";"";"";"";"";"";""
"10255";"";"";"";"";"";"";"";"";"";""
"10256";"";"";"";"";"";"";"";"";"";""
"9894";"";"";"";"";"";"";"";"";"";""
"10258";"";"";"";"";"";"";"";"";"";""
"9897";"";"";"";"";"";"";"";"";"";""
"9898";"";"";"";"";"";"";"";"";"";""
"9899";"";"";"";"";"";"";"";"";"";""
"9900";"";"";"";"";"";"";"";"";"";""
"10260";"";"";"";"";"";"";"";"";"";""
"10261";"";"";"";"";"";"";"";"";"";""
"9947";"";"";"";"";"";"";"";"";"";""
"10264";"";"";"";"";"";"";"";"";"";""
"10265";"";"";"";"";"";"";"";"";"";""
"10266";"";"";"";"";"";"";"";"";"";""
"9950";"";"";"";"";"";"";"";"";"";""
"10268";"";"";"";"";"";"";"";"";"";""
"9955";"";"";"";"";"";"";"";"";"";""
"10269";"";"";"";"";"";"";"";"";"";""
"10271";"";"";"";"";"";"";"";"";"";""
"10272";"";"";"";"";"";"";"";"";"";""
"9956";"";"";"";"";"";"";"";"";"";""
"10274";"";"";"";"";"";"";"";"";"";""
"9957";"";"";"";"";"";"";"";"";"";""
"9966";"";"";"";"";"";"";"";"";"";""
"10275";"";"";"";"";"";"";"";"";"";""
"10276";"";"";"";"";"";"";"";"";"";""
"10277";"";"";"";"";"";"";"";"";"";""
"10278";"";"";"";"";"";"";"";"";"";""
"10279";"";"";"";"";"";"";"";"";"";""
"9967";"";"";"";"";"";"";"";"";"";""
"10281";"";"";"";"";"";"";"";"";"";""
"10282";"";"";"";"";"";"";"";"";"";""
"10283";"";"";"";"";"";"";"";"";"";""
"10284";"";"";"";"";"";"";"";"";"";""
"10285";"";"";"";"";"";"";"";"";"";""
"10286";"";"";"";"";"";"";"";"";"";""
"10287";"";"";"";"";"";"";"";"";"";""
"10288";"";"";"";"";"";"";"";"";"";""
"10289";"";"";"";"";"";"";"";"";"";""
"10290";"";"";"";"";"";"";"";"";"";""
"9972";"";"";"";"";"";"";"";"";"";""
"10068";"";"";"";"";"";"";"";"";"";""
"10293";"";"";"";"";"";"";"";"";"";""
"9978";"";"";"";"";"";"";"";"";"";""
"10295";"";"";"";"";"";"";"";"";"";""
"9980";"";"";"";"";"";"";"";"";"";""
"";"";"";"";"";"";"";"";"";"";""
"9983";"";"";"";"";"";"";"";"";"";""
"9984";"";"";"";"";"";"";"";"";"";""
"10300";"";"";"";"";"";"";"";"";"";""
"10301";"";"";"";"";"";"";"";"";"";""
"10302";"";"";"";"";"";"";"";"";"";""
"9991";"";"";"";"";"";"";"";"";"";""
"10304";"";"";"";"";"";"";"";"";"";""
"9996";"";"";"";"";"";"";"";"";"";""
"10305";"";"";"";"";"";"";"";"";"";""
"10001";"";"";"";"";"";"";"";"";"";""
"10306";"";"";"";"";"";"";"";"";"";""
"10307";"";"";"";"";"";"";"";"";"";""
"10006";"";"";"";"";"";"";"";"";"";""
"10013";"";"";"";"";"";"";"";"";"";""
"10310";"";"";"";"";"";"";"";"";"";""
"10311";"";"";"";"";"";"";"";"";"";""
"";"";"";"";"";"";"";"";"";"";""
"10015";"";"";"";"";"";"";"";"";"";""
"10032";"";"";"";"";"";"";"";"";"";""
"10314";"";"";"";"";"";"";"";"";"";""
"10315";"";"";"";"";"";"";"";"";"";""
"10316";"";"";"";"";"";"";"";"";"";""
"10317";"";"";"";"";"";"";"";"";"";""
"10035";"";"";"";"";"";"";"";"";"";""
"10044";"";"";"";"";"";"";"";"";"";""
"10320";"";"";"";"";"";"";"";"";"";""
"10057";"";"";"";"";"";"";"";"";"";""
"10321";"";"";"";"";"";"";"";"";"";""
"10322";"";"";"";"";"";"";"";"";"";""
"10323";"";"";"";"";"";"";"";"";"";""
"10324";"";"";"";"";"";"";"";"";"";""
"10069";"";"";"";"";"";"";"";"";"";""
"10072";"";"";"";"";"";"";"";"";"";""
"10325";"";"";"";"";"";"";"";"";"";""
"10326";"";"";"";"";"";"";"";"";"";""
"10327";"";"";"";"";"";"";"";"";"";""
"10089";"";"";"";"";"";"";"";"";"";""
"10329";"";"";"";"";"";"";"";"";"";""
"10330";"";"";"";"";"";"";"";"";"";""
"10331";"";"";"";"";"";"";"";"";"";""
"10091";"";"";"";"";"";"";"";"";"";""
"10332";"";"";"";"";"";"";"";"";"";""
"10333";"";"";"";"";"";"";"";"";"";""
"10334";"";"";"";"";"";"";"";"";"";""
"10335";"";"";"";"";"";"";"";"";"";""
"10336";"";"";"";"";"";"";"";"";"";""
"10094";"";"";"";"";"";"";"";"";"";""
"10337";"";"";"";"";"";"";"";"";"";""
"10338";"";"";"";"";"";"";"";"";"";""
"10339";"";"";"";"";"";"";"";"";"";""
"10340";"";"";"";"";"";"";"";"";"";""
"10341";"";"";"";"";"";"";"";"";"";""
"10342";"";"";"";"";"";"";"";"";"";""
"10343";"";"";"";"";"";"";"";"";"";""
"10344";"";"";"";"";"";"";"";"";"";""
"10345";"";"";"";"";"";"";"";"";"";""
"10346";"";"";"";"";"";"";"";"";"";""
"10347";"";"";"";"";"";"";"";"";"";""
"10348";"";"";"";"";"";"";"";"";"";""
"10349";"";"";"";"";"";"";"";"";"";""
"10350";"";"";"";"";"";"";"";"";"";""
"10351";"";"";"";"";"";"";"";"";"";""
"10352";"";"";"";"";"";"";"";"";"";""
"10353";"";"";"";"";"";"";"";"";"";""
"10354";"";"";"";"";"";"";"";"";"";""
"10355";"";"";"";"";"";"";"";"";"";""
"10356";"";"";"";"";"";"";"";"";"";""
"10357";"";"";"";"";"";"";"";"";"";""
"10358";"";"";"";"";"";"";"";"";"";""
"10359";"";"";"";"";"";"";"";"";"";""
"10360";"";"";"";"";"";"";"";"";"";""
"10361";"";"";"";"";"";"";"";"";"";""
"10362";"";"";"";"";"";"";"";"";"";""
"10363";"";"";"";"";"";"";"";"";"";""
"10364";"";"";"";"";"";"";"";"";"";""
"10365";"";"";"";"";"";"";"";"";"";""
"10366";"";"";"";"";"";"";"";"";"";""
"10367";"";"";"";"";"";"";"";"";"";""
"10368";"";"";"";"";"";"";"";"";"";""
"10369";"";"";"";"";"";"";"";"";"";""
"10370";"";"";"";"";"";"";"";"";"";""
"10371";"";"";"";"";"";"";"";"";"";""
"10372";"";"";"";"";"";"";"";"";"";""
"10373";"";"";"";"";"";"";"";"";"";""
"10374";"";"";"";"";"";"";"";"";"";""
"10375";"";"";"";"";"";"";"";"";"";""
"10376";"";"";"";"";"";"";"";"";"";""
"10377";"";"";"";"";"";"";"";"";"";""
"10378";"";"";"";"";"";"";"";"";"";""
"10379";"";"";"";"";"";"";"";"";"";""
"10380";"";"";"";"";"";"";"";"";"";""
"10095";"";"";"";"";"";"";"";"";"";""
"";"";"";"";"";"";"";"";"";"";""
"10390";"";"";"";"";"";"";"";"";"";""
"10391";"";"";"";"";"";"";"";"";"";""
"10392";"";"";"";"";"";"";"";"";"";""
"10393";"";"";"";"";"";"";"";"";"";""
"10381";"";"";"";"";"";"";"";"";"";""
"10396";"";"";"";"";"";"";"";"";"";""
"10397";"";"";"";"";"";"";"";"";"";""
"10398";"";"";"";"";"";"";"";"";"";""
"10096";"";"";"";"";"";"";"";"";"";""
"10097";"";"";"";"";"";"";"";"";"";""
"10108";"";"";"";"";"";"";"";"";"";""
"10109";"";"";"";"";"";"";"";"";"";""
"10110";"";"";"";"";"";"";"";"";"";""
"10111";"";"";"";"";"";"";"";"";"";""
"10114";"";"";"";"";"";"";"";"";"";""
"10134";"";"";"";"";"";"";"";"";"";""
"10382";"";"";"";"";"";"";"";"";"";""
"10157";"";"";"";"";"";"";"";"";"";""
"10158";"";"";"";"";"";"";"";"";"";""
"10174";"";"";"";"";"";"";"";"";"";""
"10175";"";"";"";"";"";"";"";"";"";""
"10185";"";"";"";"";"";"";"";"";"";""
"10189";"";"";"";"";"";"";"";"";"";""
"10411";"";"";"";"";"";"";"";"";"";""
"10124";"";"";"";"";"";"";"";"";"";""
"10383";"";"";"";"";"";"";"";"";"";""
"10384";"";"";"";"";"";"";"";"";"";""
"10385";"";"";"";"";"";"";"";"";"";""
"10386";"";"";"";"";"";"";"";"";"";""
"10387";"";"";"";"";"";"";"";"";"";""
"10388";"";"";"";"";"";"";"";"";"";""
"11335";"";"";"";"";"";"";"";"";"";""
"11348";"";"";"";"";"";"";"";"";"";""
"9887";"";"";"";"";"";"";"";"";"";""
"9888";"";"";"";"";"";"";"";"";"";""
"9889";"";"";"";"";"";"";"";"";"";""
"";"";"";"";"";"";"";"";"";"";""
"9890";"";"";"";"";"";"";"";"";"";""
"9892";"";"";"";"";"";"";"";"";"";""
"9930";"";"";"";"";"";"";"";"";"";""
"9946";"";"";"";"";"";"";"";"";"";""
"10122";"";"";"";"";"";"";"";"";"";""
"10243";"";"";"";"";"";"";"";"";"";""
"10252";"";"";"";"";"";"";"";"";"";""
"20739";"";"";"";"";"";"";"";"";"";""
"10257";"";"";"";"";"";"";"";"";"";""
"10196";"";"";"";"";"";"";"";"";"";""
"10197";"";"";"";"";"";"";"";"";"";""
"10198";"";"";"";"";"";"";"";"";"";""
"10201";"";"";"";"";"";"";"";"";"";""
"10204";"";"";"";"";"";"";"";"";"";""
"10319";"";"";"";"";"";"";"";"";"";""
"10394";"";"";"";"";"";"";"";"";"";""
"10404";"";"";"";"";"";"";"";"";"";""
"10142";"";"";"";"";"";"";"";"";"";""
"10214";"";"";"";"";"";"";"";"";"";""
"10218";"";"";"";"";"";"";"";"";"";""
"10389";"";"";"";"";"";"";"";"";"";""
"10390";"";"";"";"";"";"";"";"";"";""
"10393";"";"";"";"";"";"";"";"";"";""
"2396";"5";"";"";"";"";"";"42";"";"";"88"
"2397";"5";"";"";"";"";"";"42";"";"";"88"
"3045";"5";"";"";"";"";"";"42";"";"";"88"
"9886";"5";"";"";"";"";"";"53";"";"";"99"
"9905";"5";"";"";"";"";"";"43";"";"";"89"
"9908";"5";"";"";"";"";"";"45";"";"";"89"
"9911";"5";"";"";"";"";"";"48";"";"";"94"
"9913";"5";"";"";"";"";"";"45";"";"";"91"
"9914";"5";"";"";"";"";"";"51";"";"";"97"
"9928";"5";"";"";"";"";"";"65";"";"";"111"
"9929";"5";"";"";"";"";"";"59";"";"";"105"
"9931";"5";"";"";"";"";"";"60";"";"";"106"
"9940";"6";"";"";"";"";"";"59";"";"";"107"
"9945";"5";"";"";"";"";"";"55";"";"";"101"
"9953";"5";"";"";"";"";"";"66";"";"";"112"
"10023";"6";"";"";"";"";"";"56";"";"";"102"
"10087";"6";"";"";"";"";"";"70";"";"";"116"
"10088";"5";"";"";"";"";"";"63";"";"";"109"
"10161";"5";"";"";"";"";"";"48";"";"";"94"
"10168";"5";"";"";"";"";"";"48";"";"";"94"
"10177";"6";"";"";"";"";"";"57";"";"";"103"
"10178";"6";"";"";"";"";"";"60";"";"";"106"
"10182";"6";"";"";"";"";"";"57";"";"";"103"
"10184";"6";"";"";"";"";"";"50";"";"";"96"
"10185";"5";"";"";"";"";"";"53";"";"";"99"
"10186";"5";"";"";"";"";"";"57";"";"";"103"
"10190";"5";"";"";"";"";"";"51";"";"";"97"
"10225";"6";"";"";"";"";"";"55";"";"";"101"
"10238";"5";"";"";"";"";"";"51";"";"";"97"
"10247";"5";"";"";"";"";"";"51";"";"";"97"
"10265";"6";"";"";"";"";"";"50";"";"";"96"
"10270";"6";"";"";"";"";"";"50";"";"";"96"
"10273";"5";"";"";"";"";"";"50";"";"";"96"
"10279";"7";"";"";"";"";"";"49";"";"";"95"
"10280";"5";"";"";"";"";"";"51";"";"";"97"
"10281";"5";"";"";"";"";"";"51";"";"";"97"
"10297";"6";"";"";"";"";"";"54";"";"";"100"
"10300";"6";"";"";"";"";"";"48";"";"";"94"
"10309";"6";"";"";"";"";"";"52";"";"";"98"
"10382";"5";"";"";"";"";"";"49";"";"";"95"
"10395";"5";"";"";"";"";"";"53";"";"";"99"
"10402";"6";"";"";"";"";"";"54";"";"";"100"
"10408";"6";"";"";"";"";"";"54";"";"";"100"
"10417";"5";"";"";"";"";"";"50";"";"";"96"
"10438";"5";"";"";"";"";"";"49";"";"";"95"
"10442";"6";"";"";"";"";"";"54";"";"";"100"
"10445";"5";"";"";"";"";"";"49";"";"";"95"
"10448";"6";"";"";"";"";"";"54";"";"";"100"
"10461";"6";"";"";"";"";"";"50";"";"";"96"
"10467";"5";"";"";"";"";"";"55";"";"";"96"
"10468";"5";"";"";"";"";"";"50";"";"";"96"
"10469";"6";"";"";"";"";"";"49";"";"";"96"
"10471";"5";"";"";"";"";"";"50";"";"";"96"
"10492";"5";"";"";"";"";"";"51";"";"";"96"
"10496";"5";"";"";"";"";"";"44";"";"";"90"
"10497";"5";"";"";"";"";"";"44";"";"";"90"
"10498";"5";"";"";"";"";"";"44";"";"";"90"
"10499";"5";"";"";"";"";"";"44";"";"";"90"
"10500";"5";"";"";"";"";"";"43";"";"";"89"
"10502";"5";"";"";"";"";"";"42";"";"";"89"
"10503";"6";"";"";"";"";"";"47";"";"";"93"
"10504";"5";"";"";"";"";"";"44";"";"";"90"
"10675";"7";"";"";"";"";"";"47";"";"";"93"
"10676";"6";"";"";"";"";"";"55";"";"";"101"
"10510";"5";"";"";"";"";"";"50";"";"";"96"
"10511";"6";"";"";"";"";"";"43";"";"";"89"
"10512";"5";"";"";"";"";"";"44";"";"";"90"
"10517";"5";"";"";"";"";"";"50";"";"";"96"
"10520";"7";"";"";"";"";"";"51";"";"";"97"
"10521";"7";"";"";"";"";"";"53";"";"";"99"
"10522";"5";"";"";"";"";"";"47";"";"";"93"
"10523";"5";"";"";"";"";"";"55";"";"";"96"
"10524";"5";"";"";"";"";"";"51";"";"";"97"
"10525";"5";"";"";"";"";"";"51";"";"";"97"
"10526";"5";"";"";"";"";"";"49";"";"";"95"
"10527";"5";"";"";"";"";"";"52";"";"";"98"
"10528";"5";"";"";"";"";"";"45";"";"";"91"
"10531";"5";"";"";"";"";"";"52";"";"";"98"
"10532";"5";"";"";"";"";"";"50";"";"";"96"
"10533";"5";"";"";"";"";"";"49";"";"";"95"
"10534";"5";"";"";"";"";"";"55";"";"";"96"
"10538";"5";"";"";"";"";"";"44";"";"";"90"
"10539";"6";"";"";"";"";"";"54";"";"";"100"
"10540";"6";"";"";"";"";"";"43";"";"";"89"
"10541";"6";"";"";"";"";"";"54";"";"";"97"
"10542";"6";"";"";"";"";"";"54";"";"";"100"
"10545";"6";"";"";"";"";"";"50";"";"";"96"
"10546";"6";"";"";"";"";"";"56";"";"";"102"
"10548";"6";"";"";"";"";"";"46";"";"";"92"
"10550";"6";"";"";"";"";"";"57";"";"";"97"
"10552";"6";"";"";"";"";"";"56";"";"";"102"
"10554";"6";"";"";"";"";"";"51";"";"";"97"
"10556";"6";"";"";"";"";"";"51";"";"";"97"
"10559";"6";"";"";"";"";"";"56";"";"";"102"
"10560";"6";"";"";"";"";"";"54";"";"";"100"
"10561";"6";"";"";"";"";"";"56";"";"";"102"
"10562";"6";"";"";"";"";"";"51";"";"";"97"
"10563";"6";"";"";"";"";"";"48";"";"";"108"
"10567";"6";"";"";"";"";"";"56";"";"";"102"
"10568";"6";"";"";"";"";"";"59";"";"";"105"
"10569";"6";"";"";"";"";"";"59";"";"";"105"
"10570";"6";"";"";"";"";"";"62";"";"";"108"
"10573";"5";"";"";"";"";"";"63";"";"";"109"
"10574";"6";"";"";"";"";"";"54";"";"";"100"
"10575";"6";"";"";"";"";"";"56";"";"";"102"
"10577";"5";"";"";"";"";"";"48";"";"";"94"
"10579";"6";"";"";"";"";"";"56";"";"";""
"10581";"6";"";"";"";"";"";"56";"";"";"102"
"10582";"6";"";"";"";"";"";"51";"";"";"97"
"10583";"6";"";"";"";"";"";"52";"";"";"98"
"10584";"6";"";"";"";"";"";"62";"";"";"108"
"10585";"6";"";"";"";"";"";"47";"";"";"93"
"10586";"6";"";"";"";"";"";"50";"";"";"97"
"10587";"6";"";"";"";"";"";"46";"";"";"92"
"11313";"5";"";"";"";"";"";"44";"";"";"90"
"11317";"5";"";"";"";"";"";"44";"";"";"90"
"11318";"5";"";"";"";"";"";"48";"";"";"94"
"11325";"5";"";"";"";"";"";"53";"";"";"99"
"11335";"5";"";"";"";"";"";"52";"";"";"98"
"11359";"5";"";"";"";"";"";"48";"";"";"94"
"6502";"5";"";"";"";"";"";"44";"";"";"90"
"6503";"5";"";"";"";"";"";"44";"";"";"90"
"334";"5";"";"";"";"";"";"45";"";"";"91"
"488";"5";"";"";"";"";"";"46";"";"";"92"
"1189";"5";"";"";"";"";"";"49";"";"";"95"
"1190";"6";"";"";"";"";"";"48";"";"";"94"
"1192";"5";"";"";"";"";"";"48";"";"";"94"
"1199";"5";"";"";"";"";"";"47";"";"";"93"
"1213";"5";"";"";"";"";"";"52";"";"";"99"
"1214";"5";"";"";"";"";"";"49";"";"";"95"
"1215";"5";"";"";"";"";"";"49";"";"";"95"
"1221";"5";"";"";"";"";"";"52";"";"";"98"
"1232";"5";"";"";"";"";"";"53";"";"";"99"
"1234";"5";"";"";"";"";"";"53";"";"";"99"
"1246";"5";"";"";"";"";"";"52";"";"";""
"1250";"5";"";"";"";"";"";"52";"";"";"98"
"1257";"5";"";"";"";"";"";"48";"";"";"94"
"1771";"5";"";"";"";"";"";"52";"";"";"98"
"1959";"5";"";"";"";"";"";"48";"";"";"94"
"1960";"5";"";"";"";"";"";"51";"";"";"97"
"3808";"6";"";"";"";"";"";"49";"";"";"94"
"1631";"5";"";"";"";"";"";"46";"";"";"92"
"9890";"5";"";"";"";"";"";"51";"";"";"97"
"9895";"5";"";"";"";"";"";"46";"";"";"92"
"9907";"5";"";"";"";"";"";"70";"";"";"116"
"9909";"5";"";"";"";"";"";"51";"";"";"102"
"9924";"5";"";"";"";"";"";"58";"";"";"104"
"9946";"5";"";"";"";"";"";"53";"";"";"99"
"10191";"5";"";"";"";"";"";"";"";"";"104"
"10470";"5";"";"";"";"";"";"50";"";"";""
"10535";"5";"";"";"";"";"";"46";"";"";""
"10543";"6";"";"";"";"";"";"55";"";"";""
"10544";"6";"";"";"";"";"";"54";"";"";""
"10553";"6";"";"";"";"";"";"47";"";"";""
"10576";"6";"";"";"";"";"";"56";"";"";""
"9958";"6";"";"";"";"";"";"67";"";"";""
"4208";"7";"";"";"50";"";"";"53";"";"";"88"
"4211";"7";"";"";"48";"";"";"50";"";"";"88"
"4579";"7";"";"";"53";"";"";"58";"";"";"85"
"4580";"7";"";"";"58";"";"";"60";"";"";""
"4807";"7";"";"";"54";"";"";"59";"";"";""
"10580";"5";"";"";"50";"";"";"54";"";"";""
"10609";"5";"";"";"41";"";"";"49";"";"";""
"10647";"7";"";"";"43";"";"";"49";"";"";""
"10688";"7";"";"";"51";"";"";"54";"";"";""
"10697";"5";"";"";"53";"";"";"59";"";"";""
"10707";"5";"";"";"44";"";"";"49";"";"";""
"10713";"5";"";"";"44";"";"";"49";"";"";"84"
"10729";"7";"";"";"53";"";"";"56";"";"";"91"
"1631";"5";"";"";"44";"";"";"49";"";"";"84"
"4166";"7";"";"";"53";"";"";"55";"";"";"90"
"4167";"7";"";"";"54";"";"";"59";"";"";"99"
"4173";"7";"";"";"53";"";"";"55";"";"";"90"
"4182";"7";"";"";"53";"";"";"55";"";"";"90"
"4201";"7";"";"";"44";"";"";"50";"";"";"85"
"4205";"7";"";"";"54";"";"";"56";"";"";"91"
"4435";"5";"";"";"53";"";"";"58";"";"";""
"4203";"7";"";"";"54";"";"";"56";"";"";"89"
"4826";"5";"";"";"44";"";"";"50";"";"";"85"
"4849";"5";"";"";"47";"";"";"50";"";"";"85"
"5732";"5";"";"";"53";"";"";"56";"";"";"89"
"5907";"5";"";"";"47";"";"";"54";"";"";"89"
"6337";"5";"";"";"42";"";"";"48";"";"";"83"
"10437";"5";"";"";"44";"";"";"50";"";"";"85"
"10480";"5";"";"";"41";"";"";"44";"";"";"79"
"10495";"5";"";"";"44";"";"";"50";"";"";"85"
"10530";"5";"";"";"44";"";"";"47";"";"";"82"
"10565";"5";"";"";"50";"";"";"54";"";"";"89"
"10594";"5";"";"";"51";"";"";"44";"";"";"79"
"10612";"7";"";"";"44";"";"";"48";"";"";"83"
"10614";"7";"";"";"46";"";"";"50";"";"";"85"
"10617";"7";"";"";"46";"";"";"51";"";"";"86"
"10623";"7";"";"";"46";"";"";"51";"";"";"86"
"10660";"8";"";"";"44";"";"";"50";"";"";"85"
"10685";"8";"";"";"55";"";"";"63";"";"";"97"
"";"8";"";"";"";"";"";"";"";"";""
"";"8";"";"";"43";"";"";"50";"";"";"85"
"10703";"7";"";"";"62";"";"";"68";"";"";"103"
"10710";"8";"";"";"56";"";"";"60";"";"";"95"
"10719";"5";"";"";"50";"";"";"54";"";"";"89"
"1631";"5";"";"";"47";"";"";"50";"";"";"85"
"7026";"7";"";"";"51";"";"";"56";"";"";"91"
"4172";"5";"";"";"52";"";"";"57";"";"";"92"
"4180";"5";"";"";"56";"";"";"61";"";"";"96"
"4181";"5";"";"";"54";"";"";"61";"";"";"96"
"4183";"5";"";"";"53";"";"";"57";"";"";"92"
"4419";"5";"";"";"54";"";"";"57";"";"";"92"
"4480";"5";"";"";"42";"";"";"47";"";"";"82"
"4578";"5";"";"";"48";"";"";"54";"";"";"89"
"4593";"5";"";"";"52";"";"";"54";"";"";"89"
"4803";"5";"";"";"48";"";"";"54";"";"";"89"
"4808";"5";"";"";"51";"";"";"54";"";"";"89"
"4830";"5";"";"";"51";"";"";"54";"";"";"89"
"4861";"5";"";"";"48";"";"";"54";"";"";"89"
"5581";"5";"";"";"46";"";"";"50";"";"";"85"
"5582";"5";"";"";"46";"";"";"51";"";"";"86"
"5583";"5";"";"";"46";"";"";"50";"";"";"85"
"5661";"5";"";"";"46";"";"";"48";"";"";"83"
"5743";"5";"";"";"50";"";"";"55";"";"";"90"
"5757";"5";"";"";"50";"";"";"56";"";"";"91"
"6013";"5";"";"";"50";"";"";"55";"";"";""
"6020";"5";"";"";"49";"";"";"55";"";"";"90"
"6203";"7";"";"";"51";"";"";"57";"";"";"92"
"6276";"5";"";"";"52";"";"";"57";"";"";"92"
"6277";"5";"";"";"55";"";"";"58";"";"";"93"
"6278";"5";"";"";"55";"";"";"59";"";"";"94"
"7013";"6";"";"";"55";"";"";"59";"";"";"94"
"7028";"5";"";"";"47";"";"";"49";"";"";"84"
"9958";"5";"";"";"63";"";"";"70";"";"";"105"
"10074";"5";"";"";"55";"";"";"58";"";"";"93"
"10087";"5";"";"";"67";"";"";"70";"";"";"105"
"10186";"5";"";"";"47";"";"";"54";"";"";"89"
"10225";"7";"";"";"52";"";"";"59";"";"";"94"
"10284";"7";"";"";"";"";"";"44";"";"";"50"
"10328";"5";"";"";"52";"";"";"59";"";"";""
"10405";"5";"";"";"47";"";"";"54";"";"";"89"
"10406";"5";"";"";"45";"";"";"48";"";"";"83"
"10409";"5";"";"";"53";"";"";"56";"";"";"91"
"10414";"5";"";"";"50";"";"";"54";"";"";"89"
"10443";"5";"";"";"48";"";"";"54";"";"";"89"
"10493";"5";"";"";"45";"";"";"49";"";"";"84"
"10519";"5";"";"";"42";"";"";"48";"";"";"83"
"10545";"5";"";"";"49";"";"";"55";"";"";"90"
"10546";"5";"";"";"53";"";"";"55";"";"";"90"
"10548";"5";"";"";"39";"";"";"41";"";"";"76"
"10550";"5";"";"";"";"";"";"45";"";"";"51"
"10552";"5";"";"";"49";"";"";"54";"";"";"89"
"10555";"5";"";"";"44";"";"";"48";"";"";"83"
"10557";"5";"";"";"47";"";"";"54";"";"";"89"
"10560";"5";"";"";"47";"";"";"51";"";"";"86"
"10561";"5";"";"";"52";"";"";"56";"";"";"91"
"10562";"5";"";"";"47";"";"";"51";"";"";"86"
"10563";"5";"";"";"44";"";"";"47";"";"";"82"
"";"5";"";"";"53";"";"";"57";"";"";"92"
"10588";"7";"";"";"50";"";"";"60";"";"";"85"
"10589";"5";"";"";"47";"";"";"54";"";"";"89"
"10590";"7";"";"";"42";"";"";"47";"";"";"82"
"10591";"7";"";"";"49";"";"";"54";"";"";"89"
"10592";"7";"";"";"47";"";"";"50";"";"";"85"
"10593";"5";"";"";"40";"";"";"42";"";"";"77"
"10595";"7";"";"";"49";"";"";"53";"";"";"88"
"10596";"7";"";"";"50";"";"";"54";"";"";"89"
"10597";"7";"";"";"51";"";"";"55";"";"";"90"
"10601";"7";"";"";"48";"";"";"54";"";"";"89"
"10602";"7";"";"";"51";"";"";"53";"";"";"90"
"10604";"7";"";"";"42";"";"";"48";"";"";"83"
"10605";"7";"";"";"54";"";"";"59";"";"";"94"
"10606";"7";"";"";"48";"";"";"54";"";"";"89"
"10607";"7";"";"";"54";"";"";"57";"";"";"92"
"10608";"7";"";"";"48";"";"";"54";"";"";"89"
"10615";"7";"";"";"47";"";"";"51";"";"";"86"
"10616";"7";"";"";"50";"";"";"56";"";"";"91"
"10618";"7";"";"";"47";"";"";"51";"";"";"86"
"10619";"7";"";"";"44";"";"";"47";"";"";"82"
"10620";"7";"";"";"47";"";"";"51";"";"";"86"
"10624";"7";"";"";"50";"";"";"54";"";"";"89"
"10626";"8";"";"";"51";"";"";"54";"";"";"89"
"10627";"5";"";"";"54";"";"";"57";"";"";"92"
"10628";"5";"";"";"40";"";"";"43";"";"";"78"
"10629";"5";"";"";"42";"";"";"47";"";"";"82"
"10631";"";"";"";"51";"";"";"56";"";"";"91"
"10736";"5";"";"";"47";"";"";"49";"";"";"84"
"10737";"5";"";"";"46";"";"";"49";"";"";"84"
"10738";"6";"";"";"46";"";"";"50";"";"";"85"
"10739";"7";"";"";"45";"";"";"48";"";"";"83"
"10632";"7";"";"";"53";"";"";"57";"";"";"92"
"10740";"5";"";"";"43";"";"";"48";"";"";"83"
"10742";"5";"";"";"43";"";"";"45";"";"";"80"
"10743";"5";"";"";"43";"";"";"47";"";"";"82"
"10744";"5";"";"";"47";"";"";"50";"";"";"85"
"10745";"5";"";"";"47";"";"";"52";"";"";"87"
"10748";"5";"";"";"51";"";"";"61";"";"";"96"
"10755";"5";"";"";"51";"";"";"55";"";"";"90"
"10760";"5";"";"";"47";"";"";"51";"";"";"86"
"10762";"5";"";"";"51";"";"";"54";"";"";"89"
"10763";"5";"";"";"49";"";"";"55";"";"";"90"
"10764";"5";"";"";"51";"";"";"56";"";"";"91"
"10768";"5";"";"";"52";"";"";"55";"";"";"90"
"10769";"5";"";"";"53";"";"";"56";"";"";"91"
"10772";"5";"";"";"49";"";"";"52";"";"";"87"
"10773";"5";"";"";"49";"";"";"52";"";"";"87"
"10670";"5";"";"";"52";"";"";"56";"";"";"91"
"10777";"5";"";"";"49";"";"";"55";"";"";"90"
"10784";"5";"";"";"51";"";"";"55";"";"";"90"
"10785";"5";"";"";"50";"";"";"55";"";"";"90"
"10786";"5";"";"";"47";"";"";"51";"";"";"86"
"10790";"5";"";"";"45";"";"";"49";"";"";"84"
"10695";"8";"";"";"43";"";"";"47";"";"";"82"
"10696";"8";"";"";"51";"";"";"54";"";"";"89"
"10702";"7";"";"";"51";"";"";"55";"";"";"90"
"10704";"7";"";"";"51";"";"";"54";"";"";"89"
"10708";"7";"";"";"52";"";"";"56";"";"";"91"
"10714";"7";"";"";"57";"";"";"61";"";"";"96"
"10715";"7";"";"";"54";"";"";"57";"";"";"92"
"10716";"7";"";"";"53";"";"";"57";"";"";"92"
"10718";"7";"";"";"52";"";"";"56";"";"";"91"
"10720";"7";"";"";"49";"";"";"55";"";"";"90"
"1199";"7";"";"";"47";"";"";"54";"";"";"89"
